report_number,report_date,nom_raw,nom,metric,value,source_pdf,source_post,method
013,2026-05-27,Aru,Aru,cumulative_suspected_cases,4,https://insp.cd/wp-content/uploads/2026/05/SitRep_MVE_RDC_NA°013_27_05_2026_ES-IM4.pdf,https://insp.cd/sitrep-mve-n-013-2026/,pdftotext_layout_table_ii
013,2026-05-27,Aru,Aru,cumulative_suspected_deaths,1,https://insp.cd/wp-content/uploads/2026/05/SitRep_MVE_RDC_NA°013_27_05_2026_ES-IM4.pdf,https://insp.cd/sitrep-mve-n-013-2026/,pdftotext_layout_table_ii
013,2026-05-27,Aru,Aru,cumulative_confirmed_cases,1,https://insp.cd/wp-content/uploads/2026/05/SitRep_MVE_RDC_NA°013_27_05_2026_ES-IM4.pdf,https://insp.cd/sitrep-mve-n-013-2026/,pdftotext_layout_table_ii
013,2026-05-27,Aru,Aru,cumulative_contacts_traced,0,https://insp.cd/wp-content/uploads/2026/05/SitRep_MVE_RDC_NA°013_27_05_2026_ES-IM4.pdf,https://insp.cd/sitrep-mve-n-013-2026/,pdftotext_layout_table_ii
013,2026-05-27,Bambu,Bambu,cumulative_suspected_cases,6,https://insp.cd/wp-content/uploads/2026/05/SitRep_MVE_RDC_NA°013_27_05_2026_ES-IM4.pdf,https://insp.cd/sitrep-mve-n-013-2026/,pdftotext_layout_table_ii
013,2026-05-27,Bambu,Bambu,cumulative_suspected_deaths,2,https://insp.cd/wp-content/uploads/2026/05/SitRep_MVE_RDC_NA°013_27_05_2026_ES-IM4.pdf,https://insp.cd/sitrep-mve-n-013-2026/,pdftotext_layout_table_ii
013,2026-05-27,Bambu,Bambu,cumulative_confirmed_cases,0,https://insp.cd/wp-content/uploads/2026/05/SitRep_MVE_RDC_NA°013_27_05_2026_ES-IM4.pdf,https://insp.cd/sitrep-mve-n-013-2026/,pdftotext_layout_table_ii
013,2026-05-27,Bambu,Bambu,cumulative_contacts_traced,244,https://insp.cd/wp-content/uploads/2026/05/SitRep_MVE_RDC_NA°013_27_05_2026_ES-IM4.pdf,https://insp.cd/sitrep-mve-n-013-2026/,pdftotext_layout_table_ii
013,2026-05-27,Bunia,Bunia,cumulative_suspected_cases,249,https://insp.cd/wp-content/uploads/2026/05/SitRep_MVE_RDC_NA°013_27_05_2026_ES-IM4.pdf,https://insp.cd/sitrep-mve-n-013-2026/,pdftotext_layout_table_ii
013,2026-05-27,Bunia,Bunia,cumulative_suspected_deaths,48,https://insp.cd/wp-content/uploads/2026/05/SitRep_MVE_RDC_NA°013_27_05_2026_ES-IM4.pdf,https://insp.cd/sitrep-mve-n-013-2026/,pdftotext_layout_table_ii
013,2026-05-27,Bunia,Bunia,cumulative_confirmed_cases,37,https://insp.cd/wp-content/uploads/2026/05/SitRep_MVE_RDC_NA°013_27_05_2026_ES-IM4.pdf,https://insp.cd/sitrep-mve-n-013-2026/,pdftotext_layout_table_ii
013,2026-05-27,Bunia,Bunia,cumulative_contacts_traced,404,https://insp.cd/wp-content/uploads/2026/05/SitRep_MVE_RDC_NA°013_27_05_2026_ES-IM4.pdf,https://insp.cd/sitrep-mve-n-013-2026/,pdftotext_layout_table_ii
013,2026-05-27,Kilo,Kilo,cumulative_suspected_cases,8,https://insp.cd/wp-content/uploads/2026/05/SitRep_MVE_RDC_NA°013_27_05_2026_ES-IM4.pdf,https://insp.cd/sitrep-mve-n-013-2026/,pdftotext_layout_table_ii
013,2026-05-27,Kilo,Kilo,cumulative_suspected_deaths,2,https://insp.cd/wp-content/uploads/2026/05/SitRep_MVE_RDC_NA°013_27_05_2026_ES-IM4.pdf,https://insp.cd/sitrep-mve-n-013-2026/,pdftotext_layout_table_ii
013,2026-05-27,Kilo,Kilo,cumulative_confirmed_cases,1,https://insp.cd/wp-content/uploads/2026/05/SitRep_MVE_RDC_NA°013_27_05_2026_ES-IM4.pdf,https://insp.cd/sitrep-mve-n-013-2026/,pdftotext_layout_table_ii
013,2026-05-27,Kilo,Kilo,cumulative_contacts_traced,41,https://insp.cd/wp-content/uploads/2026/05/SitRep_MVE_RDC_NA°013_27_05_2026_ES-IM4.pdf,https://insp.cd/sitrep-mve-n-013-2026/,pdftotext_layout_table_ii
013,2026-05-27,Mongbwalu,Mongbalu,cumulative_suspected_cases,339,https://insp.cd/wp-content/uploads/2026/05/SitRep_MVE_RDC_NA°013_27_05_2026_ES-IM4.pdf,https://insp.cd/sitrep-mve-n-013-2026/,pdftotext_layout_table_ii
013,2026-05-27,Mongbwalu,Mongbalu,cumulative_suspected_deaths,88,https://insp.cd/wp-content/uploads/2026/05/SitRep_MVE_RDC_NA°013_27_05_2026_ES-IM4.pdf,https://insp.cd/sitrep-mve-n-013-2026/,pdftotext_layout_table_ii
013,2026-05-27,Mongbwalu,Mongbalu,cumulative_confirmed_cases,20,https://insp.cd/wp-content/uploads/2026/05/SitRep_MVE_RDC_NA°013_27_05_2026_ES-IM4.pdf,https://insp.cd/sitrep-mve-n-013-2026/,pdftotext_layout_table_ii
013,2026-05-27,Mongbwalu,Mongbalu,cumulative_contacts_traced,222,https://insp.cd/wp-content/uploads/2026/05/SitRep_MVE_RDC_NA°013_27_05_2026_ES-IM4.pdf,https://insp.cd/sitrep-mve-n-013-2026/,pdftotext_layout_table_ii
013,2026-05-27,Nizi,Nizi,cumulative_suspected_cases,6,https://insp.cd/wp-content/uploads/2026/05/SitRep_MVE_RDC_NA°013_27_05_2026_ES-IM4.pdf,https://insp.cd/sitrep-mve-n-013-2026/,pdftotext_layout_table_ii
013,2026-05-27,Nizi,Nizi,cumulative_suspected_deaths,2,https://insp.cd/wp-content/uploads/2026/05/SitRep_MVE_RDC_NA°013_27_05_2026_ES-IM4.pdf,https://insp.cd/sitrep-mve-n-013-2026/,pdftotext_layout_table_ii
013,2026-05-27,Nizi,Nizi,cumulative_confirmed_cases,2,https://insp.cd/wp-content/uploads/2026/05/SitRep_MVE_RDC_NA°013_27_05_2026_ES-IM4.pdf,https://insp.cd/sitrep-mve-n-013-2026/,pdftotext_layout_table_ii
013,2026-05-27,Nizi,Nizi,cumulative_contacts_traced,220,https://insp.cd/wp-content/uploads/2026/05/SitRep_MVE_RDC_NA°013_27_05_2026_ES-IM4.pdf,https://insp.cd/sitrep-mve-n-013-2026/,pdftotext_layout_table_ii
013,2026-05-27,Nyankunde,Nyakunde,cumulative_suspected_cases,45,https://insp.cd/wp-content/uploads/2026/05/SitRep_MVE_RDC_NA°013_27_05_2026_ES-IM4.pdf,https://insp.cd/sitrep-mve-n-013-2026/,pdftotext_layout_table_ii
013,2026-05-27,Nyankunde,Nyakunde,cumulative_suspected_deaths,11,https://insp.cd/wp-content/uploads/2026/05/SitRep_MVE_RDC_NA°013_27_05_2026_ES-IM4.pdf,https://insp.cd/sitrep-mve-n-013-2026/,pdftotext_layout_table_ii
013,2026-05-27,Nyankunde,Nyakunde,cumulative_confirmed_cases,10,https://insp.cd/wp-content/uploads/2026/05/SitRep_MVE_RDC_NA°013_27_05_2026_ES-IM4.pdf,https://insp.cd/sitrep-mve-n-013-2026/,pdftotext_layout_table_ii
013,2026-05-27,Nyankunde,Nyakunde,cumulative_contacts_traced,397,https://insp.cd/wp-content/uploads/2026/05/SitRep_MVE_RDC_NA°013_27_05_2026_ES-IM4.pdf,https://insp.cd/sitrep-mve-n-013-2026/,pdftotext_layout_table_ii
013,2026-05-27,Rwampara,Rwampara,cumulative_suspected_cases,228,https://insp.cd/wp-content/uploads/2026/05/SitRep_MVE_RDC_NA°013_27_05_2026_ES-IM4.pdf,https://insp.cd/sitrep-mve-n-013-2026/,pdftotext_layout_table_ii
013,2026-05-27,Rwampara,Rwampara,cumulative_suspected_deaths,69,https://insp.cd/wp-content/uploads/2026/05/SitRep_MVE_RDC_NA°013_27_05_2026_ES-IM4.pdf,https://insp.cd/sitrep-mve-n-013-2026/,pdftotext_layout_table_ii
013,2026-05-27,Rwampara,Rwampara,cumulative_confirmed_cases,33,https://insp.cd/wp-content/uploads/2026/05/SitRep_MVE_RDC_NA°013_27_05_2026_ES-IM4.pdf,https://insp.cd/sitrep-mve-n-013-2026/,pdftotext_layout_table_ii
013,2026-05-27,Rwampara,Rwampara,cumulative_contacts_traced,697,https://insp.cd/wp-content/uploads/2026/05/SitRep_MVE_RDC_NA°013_27_05_2026_ES-IM4.pdf,https://insp.cd/sitrep-mve-n-013-2026/,pdftotext_layout_table_ii
013,2026-05-27,Butembo,Butembo,cumulative_suspected_cases,7,https://insp.cd/wp-content/uploads/2026/05/SitRep_MVE_RDC_NA°013_27_05_2026_ES-IM4.pdf,https://insp.cd/sitrep-mve-n-013-2026/,pdftotext_layout_table_ii
013,2026-05-27,Butembo,Butembo,cumulative_suspected_deaths,0,https://insp.cd/wp-content/uploads/2026/05/SitRep_MVE_RDC_NA°013_27_05_2026_ES-IM4.pdf,https://insp.cd/sitrep-mve-n-013-2026/,pdftotext_layout_table_ii
013,2026-05-27,Butembo,Butembo,cumulative_confirmed_cases,5,https://insp.cd/wp-content/uploads/2026/05/SitRep_MVE_RDC_NA°013_27_05_2026_ES-IM4.pdf,https://insp.cd/sitrep-mve-n-013-2026/,pdftotext_layout_table_ii
013,2026-05-27,Butembo,Butembo,cumulative_contacts_traced,28,https://insp.cd/wp-content/uploads/2026/05/SitRep_MVE_RDC_NA°013_27_05_2026_ES-IM4.pdf,https://insp.cd/sitrep-mve-n-013-2026/,pdftotext_layout_table_ii
013,2026-05-27,Goma,Goma,cumulative_suspected_cases,0,https://insp.cd/wp-content/uploads/2026/05/SitRep_MVE_RDC_NA°013_27_05_2026_ES-IM4.pdf,https://insp.cd/sitrep-mve-n-013-2026/,pdftotext_layout_table_ii
013,2026-05-27,Goma,Goma,cumulative_suspected_deaths,0,https://insp.cd/wp-content/uploads/2026/05/SitRep_MVE_RDC_NA°013_27_05_2026_ES-IM4.pdf,https://insp.cd/sitrep-mve-n-013-2026/,pdftotext_layout_table_ii
013,2026-05-27,Goma,Goma,cumulative_confirmed_cases,1,https://insp.cd/wp-content/uploads/2026/05/SitRep_MVE_RDC_NA°013_27_05_2026_ES-IM4.pdf,https://insp.cd/sitrep-mve-n-013-2026/,pdftotext_layout_table_ii
013,2026-05-27,Goma,Goma,cumulative_contacts_traced,74,https://insp.cd/wp-content/uploads/2026/05/SitRep_MVE_RDC_NA°013_27_05_2026_ES-IM4.pdf,https://insp.cd/sitrep-mve-n-013-2026/,pdftotext_layout_table_ii
013,2026-05-27,Kalunguta,Kalunguta,cumulative_suspected_cases,13,https://insp.cd/wp-content/uploads/2026/05/SitRep_MVE_RDC_NA°013_27_05_2026_ES-IM4.pdf,https://insp.cd/sitrep-mve-n-013-2026/,pdftotext_layout_table_ii
013,2026-05-27,Kalunguta,Kalunguta,cumulative_suspected_deaths,0,https://insp.cd/wp-content/uploads/2026/05/SitRep_MVE_RDC_NA°013_27_05_2026_ES-IM4.pdf,https://insp.cd/sitrep-mve-n-013-2026/,pdftotext_layout_table_ii
013,2026-05-27,Kalunguta,Kalunguta,cumulative_confirmed_cases,2,https://insp.cd/wp-content/uploads/2026/05/SitRep_MVE_RDC_NA°013_27_05_2026_ES-IM4.pdf,https://insp.cd/sitrep-mve-n-013-2026/,pdftotext_layout_table_ii
013,2026-05-27,Kalunguta,Kalunguta,cumulative_contacts_traced,ND,https://insp.cd/wp-content/uploads/2026/05/SitRep_MVE_RDC_NA°013_27_05_2026_ES-IM4.pdf,https://insp.cd/sitrep-mve-n-013-2026/,pdftotext_layout_table_ii
013,2026-05-27,Karisimbi,Karisimbi,cumulative_contacts_traced,181,https://insp.cd/wp-content/uploads/2026/05/SitRep_MVE_RDC_NA°013_27_05_2026_ES-IM4.pdf,https://insp.cd/sitrep-mve-n-013-2026/,pdftotext_layout_table_ii
013,2026-05-27,Katwa,Katwa,cumulative_suspected_cases,0,https://insp.cd/wp-content/uploads/2026/05/SitRep_MVE_RDC_NA°013_27_05_2026_ES-IM4.pdf,https://insp.cd/sitrep-mve-n-013-2026/,pdftotext_layout_table_ii
013,2026-05-27,Katwa,Katwa,cumulative_suspected_deaths,0,https://insp.cd/wp-content/uploads/2026/05/SitRep_MVE_RDC_NA°013_27_05_2026_ES-IM4.pdf,https://insp.cd/sitrep-mve-n-013-2026/,pdftotext_layout_table_ii
013,2026-05-27,Katwa,Katwa,cumulative_confirmed_cases,4,https://insp.cd/wp-content/uploads/2026/05/SitRep_MVE_RDC_NA°013_27_05_2026_ES-IM4.pdf,https://insp.cd/sitrep-mve-n-013-2026/,pdftotext_layout_table_ii
013,2026-05-27,Katwa,Katwa,cumulative_contacts_traced,111,https://insp.cd/wp-content/uploads/2026/05/SitRep_MVE_RDC_NA°013_27_05_2026_ES-IM4.pdf,https://insp.cd/sitrep-mve-n-013-2026/,pdftotext_layout_table_ii
013,2026-05-27,Kyondo,Kyondo,cumulative_suspected_cases,0,https://insp.cd/wp-content/uploads/2026/05/SitRep_MVE_RDC_NA°013_27_05_2026_ES-IM4.pdf,https://insp.cd/sitrep-mve-n-013-2026/,pdftotext_layout_table_ii
013,2026-05-27,Kyondo,Kyondo,cumulative_suspected_deaths,0,https://insp.cd/wp-content/uploads/2026/05/SitRep_MVE_RDC_NA°013_27_05_2026_ES-IM4.pdf,https://insp.cd/sitrep-mve-n-013-2026/,pdftotext_layout_table_ii
013,2026-05-27,Kyondo,Kyondo,cumulative_confirmed_cases,0,https://insp.cd/wp-content/uploads/2026/05/SitRep_MVE_RDC_NA°013_27_05_2026_ES-IM4.pdf,https://insp.cd/sitrep-mve-n-013-2026/,pdftotext_layout_table_ii
013,2026-05-27,Kyondo,Kyondo,cumulative_contacts_traced,16,https://insp.cd/wp-content/uploads/2026/05/SitRep_MVE_RDC_NA°013_27_05_2026_ES-IM4.pdf,https://insp.cd/sitrep-mve-n-013-2026/,pdftotext_layout_table_ii
013,2026-05-27,Oicha,Oicha,cumulative_suspected_cases,0,https://insp.cd/wp-content/uploads/2026/05/SitRep_MVE_RDC_NA°013_27_05_2026_ES-IM4.pdf,https://insp.cd/sitrep-mve-n-013-2026/,pdftotext_layout_table_ii
013,2026-05-27,Oicha,Oicha,cumulative_suspected_deaths,0,https://insp.cd/wp-content/uploads/2026/05/SitRep_MVE_RDC_NA°013_27_05_2026_ES-IM4.pdf,https://insp.cd/sitrep-mve-n-013-2026/,pdftotext_layout_table_ii
013,2026-05-27,Oicha,Oicha,cumulative_confirmed_cases,2,https://insp.cd/wp-content/uploads/2026/05/SitRep_MVE_RDC_NA°013_27_05_2026_ES-IM4.pdf,https://insp.cd/sitrep-mve-n-013-2026/,pdftotext_layout_table_ii
013,2026-05-27,Oicha,Oicha,cumulative_contacts_traced,ND,https://insp.cd/wp-content/uploads/2026/05/SitRep_MVE_RDC_NA°013_27_05_2026_ES-IM4.pdf,https://insp.cd/sitrep-mve-n-013-2026/,pdftotext_layout_table_ii
013,2026-05-27,Miti Murhesa,Miti-Murhesa,cumulative_suspected_cases,1,https://insp.cd/wp-content/uploads/2026/05/SitRep_MVE_RDC_NA°013_27_05_2026_ES-IM4.pdf,https://insp.cd/sitrep-mve-n-013-2026/,pdftotext_layout_table_ii
013,2026-05-27,Miti Murhesa,Miti-Murhesa,cumulative_suspected_deaths,0,https://insp.cd/wp-content/uploads/2026/05/SitRep_MVE_RDC_NA°013_27_05_2026_ES-IM4.pdf,https://insp.cd/sitrep-mve-n-013-2026/,pdftotext_layout_table_ii
013,2026-05-27,Miti Murhesa,Miti-Murhesa,cumulative_confirmed_cases,1,https://insp.cd/wp-content/uploads/2026/05/SitRep_MVE_RDC_NA°013_27_05_2026_ES-IM4.pdf,https://insp.cd/sitrep-mve-n-013-2026/,pdftotext_layout_table_ii
013,2026-05-27,Miti Murhesa,Miti-Murhesa,cumulative_contacts_traced,ND,https://insp.cd/wp-content/uploads/2026/05/SitRep_MVE_RDC_NA°013_27_05_2026_ES-IM4.pdf,https://insp.cd/sitrep-mve-n-013-2026/,pdftotext_layout_table_ii
